,distance (in km),days,budget
0,170,4,7353.126656067832
1,220,5,10379.862215156334
2,340,7,17550.45045045045
3,470,10,25513.540010598837
4,520,12,28774.218335983045
5,600,14,33710.57233704293
6,750,20,43492.607313195556
