distance (in km),days,budget
170,3,7119.183889772126
210,4,9587.360890302069
330,6,16757.94912559619
420,8,22252.86168521463
520,10,28306.332803391633
1000,12,55585.029146793866
